{
  "name": "Material Design Light Theme",
  "component": false,
  "license_url": null,
  "about_url": null,
  "authors": null,
  "theme_version": null,
  "minimum_discourse_version": null,
  "maximum_discourse_version": null,
  "assets": {
    "greattopic": "assets/greattopic.png",
    "greatreply": "assets/greatreply.png",
    "famouslink": "assets/famouslink.png",
    "hotlink": "assets/hotlink.png",
    "goodtopic": "assets/goodtopic.png",
    "goodreply": "assets/goodreply.png",
    "greatShare": "assets/greatShare.png",
    "devotee": "assets/devotee.png",
    "champion": "assets/champion.png",
    "higherLove": "assets/higherLove.png",
    "respected": "assets/respected.png",
    "admired": "assets/admired.png",
    "empathetic": "assets/empathetic.png",
    "givesBack": "assets/givesBack.png",
    "campaigner": "assets/campaigner.png",
    "anniversary": "assets/anniversary.png",
    "aficionado": "assets/aficionado.png",
    "welcome": "assets/welcome.png",
    "thankYou": "assets/thankYou.png",
    "promoter": "assets/promoter.png",
    "niceShare": "assets/niceShare.png",
    "enthusiast": "assets/enthusiast.png",
    "appreciated": "assets/appreciated.png",
    "wikieditor": "assets/wikieditor.png",
    "guidelines": "assets/guidelines.png",
    "reader": "assets/reader.png",
    "newuser": "assets/newuser.png",
    "share": "assets/share.png",
    "reply": "assets/reply.png",
    "quote": "assets/quote.png",
    "onebox": "assets/onebox.png",
    "mention": "assets/mention.png",
    "link": "assets/link.png",
    "like": "assets/like.png",
    "flag": "assets/flag.png",
    "emoji": "assets/emoji.png",
    "editor": "assets/editor.png",
    "autobio": "assets/autobio.png",
    "STEMexperiment": "assets/STEMexperiment.png",
    "STEMdataVisualizer": "assets/STEMdataVisualizer.png",
    "STEMmodeler": "assets/STEMmodeler.png",
    "STEMproblemSolver": "assets/STEMproblemSolver.png",
    "STEMrecycler": "assets/STEMrecycler.png",
    "outOfLove": "assets/outOfLove.png",
    "STEMrigorous": "assets/STEMrigorous.png",
    "STEMfossEnthusiast": "assets/STEMfossEnthusiast.png",
    "STEMsimulator": "assets/STEMsimulator.png",
    "STEMcalibrator": "assets/STEMcalibrator.png",
    "STEMseekHelp": "assets/STEMseekHelp.png",
    "STEMcartographer": "assets/STEMcartographer.png",
    "STEMfrugal": "assets/STEMfrugal.png",
    "STEMtinker": "assets/STEMtinker.png",
    "STEMseekEvidence": "assets/STEMseekEvidence.png",
    "STEMspeculator": "assets/STEMspeculator.png",
    "STEMstoryteller": "assets/STEMstoryteller.png",
    "STEMreader": "assets/STEMreader.png",
    "STEMblogger": "assets/STEMblogger.png",
    "STEMfabricator": "assets/STEMfabricator.png",
    "STEMreporter": "assets/STEMreporter.png",
    "STEMportable": "assets/STEMportable.png",
    "STEMaxiomatic": "assets/STEMaxiomatic.png",
    "STEMgeometer": "assets/STEMgeometer.png",
    "STEMkeenobserver": "assets/STEMkeenobserver.png",
    "STEMreferee": "assets/STEMreferee.png",
    "STEMcreative": "assets/STEMcreative.png",
    "STEMdoodler": "assets/STEMdoodler.png",
    "STEMciting": "assets/STEMciting.png",
    "STEMcorrecting": "assets/STEMcorrecting.png",
    "STEMnoteTaker": "assets/STEMnoteTaker.png",
    "STEMsurveyor": "assets/STEMsurveyor.png",
    "STEMtheoretical": "assets/STEMtheoretical.png",
    "STEMartist": "assets/STEMartist.png",
    "STEMempirical": "assets/STEMempirical.png",
    "STEMmath": "assets/STEMmath.png",
    "STEMproportionalThinker": "assets/STEMproportionalThinker.png",
    "STEMopenStandard": "assets/STEMopenStandard.png",
    "STEMperseverance": "assets/STEMperseverance.png",
    "STEMcthinker": "assets/STEMcthinker.png",
    "STEMgeneralizer": "assets/STEMgeneralizer.png",
    "STEMmodular": "assets/STEMmodular.png",
    "STEMextrapolater": "assets/STEMextrapolater.png",
    "STEMcurator": "assets/STEMcurator.png",
    "STEMexaminer": "assets/STEMexaminer.png",
    "STEMverifier": "assets/STEMverifier.png",
    "STEMrepeatObs": "assets/STEMrepeatObs.png",
    "STEMauthor": "assets/STEMauthor.png",
    "STEMreadytoHelp": "assets/STEMreadytoHelp.png",
    "STEMstatisticalThinker": "assets/STEMstatisticalThinker.png",
    "STEMAssumption": "assets/STEMAssumption.png",
    "STEMeyedetail": "assets/STEMeyedetail.png",
    "STEMdesigner": "assets/STEMdesigner.png",
    "STEMcritique": "assets/STEMcritique.png",
    "STEMengager": "assets/STEMengager.png",
    "STEMdesignstandards": "assets/STEMdesignstandards.png",
    "STEMpluggable": "assets/STEMpluggable.png",
    "STEMSeekingDetails": "assets/STEMSeekingDetails.png",
    "STEMdetective": "assets/STEMdetective.png",
    "STEMprecise": "assets/STEMprecise.png",
    "STEMdiligent": "assets/STEMdiligent.png",
    "STEMcollaborator": "assets/STEMcollaborator.png",
    "STEMclassify": "assets/STEMclassify.png",
    "STEMmensurer": "assets/STEMmensurer.png",
    "STEMpresenter": "assets/STEMpresenter.png",
    "STEMplotter": "assets/STEMplotter.png",
    "STEMbugFinder": "assets/STEMbugFinder.png",
    "STEMreplicator": "assets/STEMreplicator.png",
    "STEMexplainer": "assets/STEMexplainer.png",
    "STEMenquirer": "assets/STEMenquirer.png",
    "STEMinquisitor": "assets/STEMinquisitor.png",
    "STEMreasoning": "assets/STEMreasoning.png",
    "STEMmapper": "assets/STEMmapper.png",
    "STEMdataCollector": "assets/STEMdataCollector.png",
    "STEMpractical": "assets/STEMpractical.png",
    "STEMestimator": "assets/STEMestimator.png",
    "noun_notes_1353560": "assets/noun_notes_1353560.png",
    "popularlink": "assets/popularlink.png",
    "nicetopic": "assets/nicetopic.png",
    "nicereply": "assets/nicereply.png",
    "leadermember": "assets/leadermember.png",
    "regularmember": "assets/regularmember.png",
    "membermember": "assets/membermember.png",
    "basicmember": "assets/basicmember.png"
  },
  "color_schemes": {
    "Custom Black Header": {
      "primary": "222222",
      "secondary": "ffffff",
      "tertiary": "0088cc",
      "quaternary": "e45735",
      "header_background": "383232",
      "header_primary": "333333",
      "highlight": "ffff4d",
      "danger": "e45735",
      "success": "009900",
      "love": "fa6c8d"
    },
    "Material Teal/Amber": {
      "primary": "212121",
      "secondary": "fafafa",
      "tertiary": "ffa000",
      "quaternary": "00796b",
      "header_background": "00796b",
      "header_primary": "ffffff",
      "highlight": "ffff8d",
      "danger": "ff5722",
      "success": "4caf50",
      "love": "fa6c8d"
    },
    "Material Red/Blue": {
      "primary": "212121",
      "secondary": "fafafa",
      "tertiary": "448aff",
      "quaternary": "d32f2f",
      "header_background": "d32f2f",
      "header_primary": "ffffff",
      "highlight": "ffff8d",
      "danger": "ff6d00",
      "success": "4caf50",
      "love": "fa6c8d"
    },
    "Material Blue/Red": {
      "primary": "212121",
      "secondary": "fafafa",
      "tertiary": "ff5252",
      "quaternary": "2196f3",
      "header_background": "1976f2",
      "header_primary": "ffffff",
      "highlight": "ffff8d",
      "danger": "ff6d00",
      "success": "4caf50",
      "love": "fa6c8d"
    },
    "Material Indigo/Orange": {
      "primary": "212121",
      "secondary": "fafafa",
      "tertiary": "ff5722",
      "quaternary": "3f51b5",
      "header_background": "303f9f",
      "header_primary": "ffffff",
      "highlight": "ffeb3b",
      "danger": "f44336",
      "success": "4caf50",
      "love": "fa6c8d"
    },
    "Material Dark": {
      "primary": "fafafa",
      "secondary": "212121",
      "tertiary": "00bcd4",
      "quaternary": "00bcd4",
      "header_background": "000000",
      "header_primary": "ffffff",
      "highlight": "fafafa",
      "danger": "e45735",
      "success": "009900",
      "love": "fa6c8d"
    }
  },
  "learn_more": "https://meta.discourse.org/t/beginners-guide-to-using-discourse-themes/91966"
}